train__MAE,train__MSE,train__QLIKE,train__norm_MAE,train__norm_MSE,train__norm_QLIKE,train_loss,test__MAE,test__MSE,test__QLIKE,test__norm_MAE,test__norm_MSE,test__norm_QLIKE,test_loss,loss,lr
3.8152658296471625e-05,3.696840028866157e-08,0.34414571223815754,0.0381526572304498,0.0369684002935073,0.34414570758143403,0.34414572,3.659527161983527e-05,5.9115991216618906e-09,0.38526600636516856,0.036595270573136794,0.005911599136628866,0.385265998101063,0.385266,0.19696536660194397,1e-04
3.8100064073729196e-05,3.6968418977441324e-08,0.3438739817645184,0.03810006295754233,0.03696841896921973,0.3438739755959167,0.343874,3.6533668195554305e-05,5.9123597334886155e-09,0.38473004594224186,0.036533667195398856,0.005912359772570442,0.3847300386010717,0.38473004,0.40374717116355896,1e-04
3.80554350074518e-05,3.696843675717484e-08,0.3436184801285958,0.03805543389193033,0.03696843670109647,0.3436184757776481,0.3436185,3.647940359839289e-05,5.912692859190386e-09,0.3842399707810114,0.03647940266556892,0.005912692924545934,0.38423996572148883,0.38423997,0.28591030836105347,1e-04
3.80081173214809e-05,3.696849582893482e-08,0.3433574856483543,0.03800811631734089,0.0369684958327529,0.34335748142268474,0.34335744,3.642243716676456e-05,5.913182574792559e-09,0.38373208427731387,0.03642243614720656,0.0059131826022740955,0.38373207498634804,0.38373208,0.3113129734992981,1e-04
3.7960134846872874e-05,3.696858132515768e-08,0.34309861852062035,0.03796013376627022,0.03696858132040737,0.34309861495359856,0.34309864,3.636457039312717e-05,5.913714817832536e-09,0.38321900749641974,0.03636456940948699,0.005913714887347701,0.3832190027180488,0.38321897,0.4453997015953064,1e-04
3.7912776282460194e-05,3.696870071061894e-08,0.34285372118618207,0.037912775369016515,0.03696870075283011,0.3428537187420338,0.3428537,3.6308046972037146e-05,5.914352182643332e-09,0.38272398717450706,0.03630804584588059,0.00591435220983622,0.382723976996162,0.382724,0.21744759380817413,1e-04
3.789213739650628e-05,3.696873122790186e-08,0.3427359557030364,0.03789213647380492,0.036968731277655535,0.3427359547015784,0.34273595,3.628241947574979e-05,5.914512321804592e-09,0.3824947486558883,0.03628241847998302,0.00591451236438624,0.38249473948698637,0.38249472,0.22894246876239777,1e-04
3.7869475227944845e-05,3.696877576477072e-08,0.34261077498834885,0.03786947412544199,0.03696877573108872,0.34261077129764367,0.34261075,3.625462886902388e-05,5.914763890131483e-09,0.3822495000787027,0.03625462794740258,0.0059147639571093666,0.3822494939205023,0.3822495,0.2856789529323578,1e-04
3.783977767645377e-05,3.6968873513182826e-08,0.3424547034530249,0.03783977658517585,0.036968873485893776,0.3424547013983779,0.3424547,3.6218616588994595e-05,5.91517399849885e-09,0.3819356457023517,0.03621861568435053,0.0059151740553882995,0.3819356398061619,0.3819356,0.24704761803150177,1e-04
3.781295045769496e-05,3.6968960566978906e-08,0.34231428200922154,0.037812949395896966,0.03696896056354688,0.3423142798369638,0.34231424,3.618596041659698e-05,5.915529805372089e-09,0.38165095561840795,0.03618595939045597,0.005915529844496498,0.3816509458652065,0.38165095,0.33095502853393555,1e-04
3.778907070332843e-05,3.696903929350204e-08,0.34218127600303044,0.03778906965926468,0.03696903929168433,0.3421812715292041,0.34218127,3.6156004505096075e-05,5.915724296101163e-09,0.38138490080007104,0.036156003385060566,0.005915724345307275,0.3813848938908794,0.3813849,0.3944874107837677,1e-04
3.776470040042792e-05,3.6969105264864267e-08,0.34203993473384253,0.03776469936188985,0.036969105289320826,0.34203993245273917,0.3420399,3.612483091011731e-05,5.915838495877849e-09,0.381104827847434,0.03612482986018507,0.005915838558754488,0.3811048215619251,0.38110486,0.19367560744285583,1e-04
3.773728698973206e-05,3.696920235982491e-08,0.34189105613152615,0.03773728591338215,0.03696920238593344,0.34189105555468746,0.34189108,3.609067949955713e-05,5.916113699616892e-09,0.38080440422252637,0.03609067849790029,0.005916113733541878,0.3808043950635757,0.3808044,0.43210840225219727,1e-04
3.771632126362258e-05,3.6969249194074507e-08,0.34176544064275566,0.03771632027582816,0.03696924917689562,0.3417654361163237,0.3417654,3.6063143941131147e-05,5.916104461023423e-09,0.3805533338309005,0.03606314280769864,0.005916104487091739,0.38055332588478386,0.38055333,0.32369759678840637,1e-04
3.769105889345536e-05,3.696934070113677e-08,0.34161561957961295,0.037691057951573244,0.036969340750173524,0.34161561925806444,0.34161562,3.6029630533886046e-05,5.916048636665554e-09,0.38024641920669056,0.03602962953442355,0.005916048702988579,0.3802464132190766,0.38024643,0.27982068061828613,1e-04
3.7661538860970165e-05,3.696947203091833e-08,0.34144933981430475,0.0376615378306772,0.03696947204285902,0.3414493382604631,0.34144932,3.5991206042924884e-05,5.916140795624987e-09,0.37990127916555916,0.035991205042422966,0.005916140845587878,0.37990127459929024,0.3799013,0.31036144495010376,1e-04
3.7637932042673386e-05,3.696956889200224e-08,0.34131143686689797,0.03763793104064528,0.03696956884332782,0.3413114320225589,0.34131142,3.595977396377731e-05,5.916151562802485e-09,0.3796166123247494,0.03595977293509549,0.0059161515981932845,0.3796166044924054,0.3796166,0.21513772010803223,1e-04
3.762098926296138e-05,3.6969621443967304e-08,0.341202501925409,0.03762098830927572,0.03696962145613311,0.34120249849287015,0.34120253,3.5936157519076236e-05,5.916005334202934e-09,0.37939665957062735,0.035936156472031286,0.00591600537375682,0.3793966519864395,0.37939665,0.29611819982528687,1e-04
3.759858930222283e-05,3.696972548619808e-08,0.34107559810427657,0.03759858830505501,0.036969725525518256,0.3410755951311518,0.34107563,3.590685452371624e-05,5.91612502156012e-09,0.3791361710709303,0.03590685353072126,0.005916125063004493,0.37913616546431594,0.37913617,0.5653530359268188,1e-04
3.758161272474747e-05,3.696978313497386e-08,0.3409659327498788,0.03758161180167002,0.036969783165415084,0.3409659308204008,0.34096596,3.588321883526219e-05,5.916016866293414e-09,0.3789178343306096,0.03588321765771197,0.005916016919520277,0.3789178274808284,0.37891784,0.20427961647510529,1e-04
3.7560101251188985e-05,3.6969881667022436e-08,0.3408385781825303,0.037560100238745994,0.03696988166879102,0.34083857509712606,0.3408386,3.585423069830609e-05,5.916025146146623e-09,0.3786561780808209,0.03585422968082694,0.005916025190934891,0.37865617191656054,0.37865618,0.20162484049797058,1e-04
3.75348385983755e-05,3.6970024319669216e-08,0.3406974358244632,0.03753483768250168,0.03697002435518701,0.3406974335652586,0.34069744,3.582079693681131e-05,5.916130541274475e-09,0.3783587829232455,0.03582079580649706,0.0059161306051979026,0.3783587770595989,0.3783588,0.27285704016685486,1e-04
3.750874643938234e-05,3.697017376041713e-08,0.34055445340394824,0.037508745323397985,0.036970173792151416,0.34055445264563083,0.34055442,3.578635304430417e-05,5.9162545832922296e-09,0.3780535771559218,0.03578635209762124,0.0059162546451643995,0.3780535735024239,0.37805355,0.16962720453739166,1e-04
3.7479923962829334e-05,3.6970364666243654e-08,0.3404016299458185,0.037479922985652316,0.03697036471560412,0.3404016288524396,0.34040162,3.574863973489052e-05,5.916454641142847e-09,0.3777225667521647,0.03574863864823202,0.005916454704096893,0.3777225613367407,0.37772256,0.3304164707660675,1e-04
3.745291169534931e-05,3.697055620076335e-08,0.34025571161087104,0.037452910698326146,0.036970556204424306,0.34025570743600947,0.34025568,3.57127940945016e-05,5.916572890400108e-09,0.37740560476465085,0.035712793018006346,0.00591657291837934,0.37740559614540453,0.3774056,0.32357245683670044,1e-04
3.742486281365357e-05,3.69707749352588e-08,0.34011129470049556,0.03742486169159387,0.03697077491422316,0.3401112945235065,0.34011132,3.567619625868504e-05,5.916800254850986e-09,0.3770869456738571,0.035676195278278616,0.005916800299357468,0.3770869387066303,0.37708694,0.3822563588619232,1e-04
3.739291834982073e-05,3.6971045452978985e-08,0.3399529275667552,0.03739291738430261,0.03697104544642315,0.3399529248340126,0.33995295,3.563499066285366e-05,5.917168513165195e-09,0.3767334030639274,0.03563498960576096,0.005917168580640201,0.3767333946891115,0.3767334,0.31362366676330566,1e-04
3.736269768298389e-05,3.6971318567644784e-08,0.33980247222476956,0.03736269681710154,0.036971318588301647,0.33980246976393774,0.33980247,3.559549259279739e-05,5.917500458732741e-09,0.37639428439658473,0.03559549149100952,0.005917500505197842,0.3763942767669592,0.3763943,0.29152804613113403,1e-04
3.732898684386667e-05,3.6971645925746896e-08,0.33963730108733037,0.03732898579502943,0.03697164592675226,0.339637299088428,0.3396373,3.5551655835038816e-05,5.917899088882663e-09,0.37601699317733,0.035551655033066606,0.005917899181299066,0.3760169900927313,0.376017,0.35878658294677734,1e-04
3.729613646544801e-05,3.697197125044431e-08,0.33947188772246273,0.037296135559323686,0.036971971297702064,0.33947188741866313,0.3394719,3.550835229478609e-05,5.918266258540908e-09,0.3756412972556708,0.035508351312531806,0.005918266322163818,0.37564129118063694,0.3756413,0.2820855677127838,1e-04
3.726784490597513e-05,3.6972264387432976e-08,0.3393256228307349,0.037267843901401164,0.03697226437913978,0.3393256214083961,0.3393256,3.5470367421803625e-05,5.918493507172998e-09,0.3753083462921375,0.03547036655261542,0.0059184935752239105,0.3753083403449949,0.3753084,0.1571657657623291,1e-04
3.723922086199976e-05,3.697257739650542e-08,0.33918228977244025,0.037239219918700064,0.03697257747779645,0.33918228798711253,0.3391823,3.54322762245596e-05,5.918788681931642e-09,0.374977987684833,0.03543227519322149,0.005918788713361068,0.3749779810181226,0.37497798,0.3485174775123596,1e-04
3.721144991509143e-05,3.6972882922479567e-08,0.339043948202474,0.037211448965687455,0.03697288290794503,0.33904394420439044,0.33904395,3.539521549924911e-05,5.919084406209722e-09,0.3746575560479829,0.0353952143939965,0.005919084424625522,0.37465754605682355,0.37465757,0.29732686281204224,1e-04
3.718619228529242e-05,3.697317575259676e-08,0.3389168043334745,0.03718619131231029,0.036973175732845774,0.3389168010822078,0.33891675,3.536111577108626e-05,5.91931261874211e-09,0.3743613171599739,0.03536111487533504,0.005919312692881667,0.3743613134444376,0.3743613,0.25879696011543274,1e-04
3.7170522078522956e-05,3.6973333333852795e-08,0.3388287284542324,0.03717052117861863,0.036973333367525264,0.3388287261081951,0.33882877,3.5339035780537816e-05,5.919311822300829e-09,0.374163335914076,0.035339034798860997,0.005919311903199476,0.3741633299866061,0.37416333,0.23887741565704346,1e-04
3.714792066145107e-05,3.6973590960290635e-08,0.33871238309983454,0.03714791976461335,0.036973591015504,0.338712382247909,0.33871236,3.530808778355436e-05,5.919457332583695e-09,0.37389259283268605,0.03530808665404856,0.005919457362129928,0.37389258450164436,0.37389258,0.20157842338085175,1e-04
3.712018081646857e-05,3.697393162588893e-08,0.3385755283287058,0.03712017984724738,0.0369739316642277,0.33857552671801844,0.33857554,3.527045206991884e-05,5.919705422275274e-09,0.3735670380024616,0.03527045116966345,0.005919705460670773,0.37356703095837346,0.37356707,0.1895454376935959,1e-04
3.709678081810372e-05,3.697421771600303e-08,0.33845668237318666,0.03709677989109175,0.03697421774387785,0.33845667933944007,0.3384567,3.523800193416223e-05,5.91985450219588e-09,0.3732840591832485,0.03523800099371584,0.005919854576667575,0.37328405647842433,0.373284,0.17271335422992706,1e-04
3.7073455374539884e-05,3.6974514293717776e-08,0.3383400437611238,0.03707345447469342,0.036974514316639166,0.3383400423699398,0.33834004,3.520563574621024e-05,5.9200063298064944e-09,0.37300242753057355,0.03520563472549733,0.005920006374584931,0.37300241859590577,0.37300244,0.4611557126045227,1e-04
3.704806915358331e-05,3.697483462484067e-08,0.3382178251196013,0.037048068246504286,0.03697483466504029,0.33821782422352775,0.33821782,3.51708252118469e-05,5.920260167406688e-09,0.3727039274589369,0.03517082420857319,0.00592026022582158,0.37270392188053186,0.37270394,0.22655892372131348,1e-04
3.701942710414424e-05,3.6975216951253073e-08,0.33808510392834046,0.03701942609282953,0.03697521698058507,0.33808510366029865,0.3380851,3.5131916884140816e-05,5.920631065155674e-09,0.37237479484808994,0.03513191594623523,0.005920631112663448,0.3723747870758563,0.37237477,0.19759680330753326,1e-04
3.6992807311113096e-05,3.697557762353197e-08,0.33796225405973107,0.03699280642350414,0.03697557761302979,0.3379622531973632,0.33796227,3.5095742382016865e-05,5.920995699181947e-09,0.372070225418523,0.03509574121913406,0.005920995751117664,0.3720702194862299,0.37207025,0.2555602192878723,1e-04
3.697119971318615e-05,3.697587045198399e-08,0.33786135325864103,0.03697119873624058,0.036975870429714154,0.3378613496079447,0.33786136,3.506608680587748e-05,5.921269552375448e-09,0.37181990132113263,0.03506608589788417,0.00592126964253227,0.371819897591384,0.3718199,0.42649513483047485,1e-04
3.694454495079672e-05,3.697625812812875e-08,0.33774145486569757,0.03694454407661138,0.03697625822725529,0.3377414548851032,0.33774146,3.502983691674826e-05,5.9216877182801114e-09,0.3715181351689503,0.03502983598496372,0.005921687779868122,0.37151813114230964,0.3715181,0.44442978501319885,1e-04
3.691381094741231e-05,3.6976740451262795e-08,0.33760972870983635,0.03691381002149969,0.036976740482814206,0.33760972788056376,0.3376097,3.498814624263952e-05,5.922283508859594e-09,0.3711770226191421,0.03498814547774003,0.005922283564890592,0.3711770179860519,0.37117702,0.14171865582466125,1e-04
3.6886235415217545e-05,3.697718176677619e-08,0.33749291369006,0.03688623447842715,0.03697718175370977,0.3374929113793195,0.33749288,3.4950719929331755e-05,5.922839899690646e-09,0.3708725181721228,0.03495071905309858,0.005922839988797213,0.37087251349398026,0.3708725,0.3366084098815918,1e-04
3.686943126925857e-05,3.6977413572544466e-08,0.3374113729924399,0.03686943041228673,0.03697741364212238,0.33741137214645467,0.33741137,3.4926849475753266e-05,5.923011495064615e-09,0.37067037939760844,0.03492684856071498,0.0059230115705717415,0.37067037756409366,0.37067038,0.30178189277648926,1e-04
3.684654512687001e-05,3.6977775599049196e-08,0.33731169438624914,0.03684654423555797,0.03697777559350373,0.33731169216480983,0.3373117,3.489531775640836e-05,5.923457222056843e-09,0.370413639116602,0.0348953169349181,0.005923457311118116,0.3704136337867309,0.37041363,0.34864404797554016,1e-04
3.6824783089353296e-05,3.6978116791057926e-08,0.3372126816027831,0.03682478211692083,0.036978116782025845,0.33721268001219445,0.33721268,3.486473429186669e-05,5.923798943436326e-09,0.37016023150832084,0.03486473296209882,0.005923798954820082,0.3701602223891913,0.37016025,0.2659657895565033,1e-04
3.680250101556126e-05,3.69784881025587e-08,0.33711140127875183,0.03680250003320572,0.03697848816058998,0.33711140063647016,0.3371114,3.483349555974357e-05,5.924120798728281e-09,0.3698970944481385,0.03483349467334715,0.005924120859091012,0.3698970885130268,0.3698971,0.4064858853816986,1e-04
3.677353672447247e-05,3.6979006908151237e-08,0.33698958078152463,0.03677353577836655,0.03697900689231792,0.33698957782899386,0.3369896,3.47937455131612e-05,5.924691163263084e-09,0.3695679403175271,0.034793744690054064,0.0059246912254461775,0.3695679365403956,0.36956793,0.2837246358394623,1e-04
3.6743791555283413e-05,3.697955378756793e-08,0.3368650182098281,0.03674379067866793,0.036979553798202676,0.33686501885024656,0.336865,3.475353195434961e-05,5.925284462879072e-09,0.36922818306806865,0.034753531014942635,0.005925284511132778,0.3692281780297867,0.36922815,0.14216086268424988,1e-04
3.671454328694245e-05,3.698011193082042e-08,0.3367447438531769,0.03671454246914217,0.036980111892672016,0.3367447425185084,0.33674476,3.471377327797022e-05,5.9258999185446365e-09,0.36889418467455454,0.034713772469876954,0.005925899999702094,0.3688941822334855,0.36889416,0.5436035990715027,1e-04
3.6694622410792236e-05,3.698049155882464e-08,0.33665235252586206,0.03669462147677915,0.03698049153123457,0.33665234954080847,0.33665243,3.468529223483784e-05,5.926126840553048e-09,0.368646130176526,0.034685291398564674,0.005926126929355907,0.3686461267709895,0.36864612,0.2671990990638733,1e-04
3.667495031523025e-05,3.698087054168168e-08,0.33656296862974316,0.036674949418508254,0.03698087054872411,0.3365629655852114,0.336563,3.465732110063183e-05,5.9263845421245025e-09,0.3684045086135612,0.034657320278102144,0.005926384611323937,0.3684045034052007,0.3684045,0.2852502167224884,1e-04
3.6650845042340495e-05,3.6981338348855615e-08,0.3364640483866197,0.0366508442240484,0.03698133835051409,0.33646404665776625,0.33646402,3.462426971669523e-05,5.926901079963882e-09,0.36812888057274024,0.03462426882256089,0.005926901142074616,0.3681288764653978,0.3681289,0.3976035714149475,1e-04
3.6621127854442935e-05,3.698195069910411e-08,0.3363528458288341,0.036621127076016724,0.03698195074925763,0.3363528462838331,0.33635288,3.458436947674369e-05,5.927690974238333e-09,0.3678044528595763,0.03458436864254937,0.0059276910501298245,0.36780444719755306,0.36780444,0.5797958374023438,1e-04
3.660063306215863e-05,3.698235355952576e-08,0.33626564786988056,0.03660063225812915,0.036982353581731145,0.3362656472619436,0.33626565,3.45557733031312e-05,5.928070907991611e-09,0.3675642229281958,0.0345557723976787,0.005928070993803904,0.3675642204287975,0.36756426,0.2288377732038498,1e-04
3.658281248806515e-05,3.6982707443521906e-08,0.336190490951457,0.03658281155804444,0.03698270747010032,0.3361904905225708,0.33619043,3.453086269077878e-05,5.9283971476261036e-09,0.3673551903836213,0.03453086184711417,0.00592839721640964,0.3673551861826378,0.3673552,0.26536133885383606,1e-04
3.6566708643596835e-05,3.6983041092932204e-08,0.3361175578921,0.03656670781153394,0.036983041168942854,0.33611755948258226,0.33611754,3.4507456960120046e-05,5.928562084774853e-09,0.36715282360625445,0.034507456084695305,0.005928562162879666,0.36715282093118085,0.3671528,0.17034181952476501,1e-04
3.6552682376527e-05,3.6983330504954344e-08,0.3360539150703673,0.036552681582536314,0.03698333056212697,0.33605391801397533,0.3360539,3.4486907663591106e-05,5.928686701058508e-09,0.36697450649143454,0.03448690676991872,0.005928686780528354,0.3669745020323496,0.36697447,0.43183693289756775,1e-04
3.653661437883429e-05,3.698360648339942e-08,0.3359853850281432,0.036536613409352714,0.036983606444915544,0.33598538318297533,0.33598536,3.446424276756729e-05,5.928905134805307e-09,0.36677914771729697,0.03446424199608479,0.005928905209207668,0.36677914553988733,0.36677915,0.1484987586736679,1e-04
3.6518109503096964e-05,3.698395927339356e-08,0.33591307975929463,0.03651810866672347,0.0369839593365003,0.3359130824696916,0.3359131,3.443869575434283e-05,5.929249892100414e-09,0.3665633223345624,0.03443869498262935,0.0059292500014962255,0.3665633218059845,0.36656335,0.5454972386360168,1e-04
3.649212345551289e-05,3.698451926291638e-08,0.33582143090494476,0.03649212266907301,0.036984519329231615,0.3358214339989443,0.33582148,3.440378711670702e-05,5.929881612768836e-09,0.36627400986519454,0.03440378628309017,0.005929881655728469,0.3662740041485778,0.366274,0.24558782577514648,1e-04
3.6463366017775834e-05,3.698517958341728e-08,0.3357246843340774,0.0364633651758188,0.03698517962507219,0.33572468322833215,0.33572465,3.436552824040012e-05,5.9306355600622e-09,0.36595759885909795,0.034365527426070325,0.0059306356190028785,0.3659575935000225,0.3659576,0.3197339177131653,1e-04
3.64367097948698e-05,3.698580826318531e-08,0.3356343954528088,0.03643670900921103,0.036985808337192554,0.33563439730649347,0.33563435,3.432980388040786e-05,5.9313099599296935e-09,0.36566169027263695,0.03432980306734847,0.0059313100334417584,0.36566168641401814,0.36566168,0.23430630564689636,1e-04
3.640921498168592e-05,3.698647640881566e-08,0.3355491965829555,0.036409214156074475,0.03698647640233031,0.335549196454071,0.3355492,3.429374873141799e-05,5.932147474166452e-09,0.3653709931717437,0.03429374794867509,0.005932147556713695,0.36537099079283497,0.36537102,0.22332796454429626,1e-04
3.638282271113886e-05,3.698713108216345e-08,0.3354715399455379,0.036382821970350906,0.036987131079841654,0.33547153906430915,0.33547154,3.425938441969726e-05,5.933002862207422e-09,0.36509751615322694,0.034259383557438544,0.0059330029149451385,0.3650975082891725,0.36509752,0.27890050411224365,1e-04
3.635799723778258e-05,3.698775661945194e-08,0.3354012969044663,0.036357996276603986,0.03698775664046908,0.33540129775516436,0.3354013,3.4227177848065426e-05,5.933836129279103e-09,0.36484350823436534,0.0342271772549594,0.005933836224115037,0.36484350597454196,0.3648435,0.30434712767601013,1e-04
3.633243730582073e-05,3.698841873648445e-08,0.33532888210588485,0.03633243640771008,0.0369884187408559,0.33532888130004773,0.33532885,3.419374389167892e-05,5.934664129656867e-09,0.3645790520123649,0.03419374302583997,0.0059346641967072565,0.3645790478912921,0.36457902,0.2596302628517151,1e-04
3.630503051231136e-05,3.698915343563927e-08,0.33525110981029166,0.03630502969393247,0.03698915343911765,0.3352511083842391,0.3352511,3.415711809250938e-05,5.935538224069396e-09,0.36428897589770615,0.034157117316869205,0.005935538314026749,0.36428897033487373,0.364289,0.22218433022499084,1e-04
3.627875495723746e-05,3.698988062526637e-08,0.3351802127680335,0.036278754203112655,0.03698988067947435,0.33518021483519256,0.33518025,3.412192784410806e-05,5.936416777753166e-09,0.3640130950633515,0.03412192684990042,0.005936416815506619,0.36401308792457093,0.3640131,0.27110809087753296,1e-04
3.625636879568821e-05,3.699051315944494e-08,0.33512064001534736,0.036256367965071826,0.03699051317370979,0.33512064198382824,0.33512062,3.409175254227409e-05,5.937165027627013e-09,0.36377709956005594,0.03409175159934463,0.005937165082177438,0.36377709455588936,0.3637771,0.338697612285614,1e-04
3.623246430815464e-05,3.699121192024754e-08,0.3350604492291514,0.03623246349825232,0.03699121197144445,0.3350604511348419,0.33506045,3.40593603759774e-05,5.938041629314665e-09,0.3635279463884288,0.03405935958670924,0.005938041707513019,0.3635279433926315,0.36352795,0.22122147679328918,1e-04
3.620672035725428e-05,3.699199339684091e-08,0.334998464214403,0.03620671951674376,0.03699199343337656,0.33499846744348455,0.3349985,3.402425891880089e-05,5.93902412465433e-09,0.3632605073672783,0.03402425806843778,0.005939024174809466,0.36326050085614014,0.36326048,0.32633060216903687,1e-04
3.6176985286846584e-05,3.699291457913795e-08,0.3349298594309837,0.036176984508796466,0.03699291459458715,0.3349298603660202,0.33492988,3.3983692907073003e-05,5.940170205841335e-09,0.3629533622486337,0.03398369197061107,0.005940170295667628,0.36295336078969404,0.36295336,0.5086702108383179,1e-04
3.615031500767755e-05,3.699376094847584e-08,0.3348660597484609,0.03615031430771017,0.036993760990488435,0.3348660587875726,0.3348661,3.3946620935788345e-05,5.9411477633079985e-09,0.36267056702919037,0.03394662011377837,0.005941147861470022,0.3626705650972439,0.3626706,0.4246804118156433,1e-04
3.612263744211097e-05,3.6994658017509374e-08,0.334805654392243,0.036122636691313145,0.03699465807389608,0.3348056561230339,0.33480564,3.390837650312349e-05,5.9422478448156786e-09,0.36238442831445855,0.033908375729215685,0.005942247918923946,0.36238442384555114,0.36238444,0.22983555495738983,1e-04
3.609108674182488e-05,3.6995708284430456e-08,0.3347426554066248,0.036091085926512605,0.03699570828025991,0.33474265445976636,0.33474264,3.38650043682029e-05,5.94355612687018e-09,0.36206438945275377,0.03386500369690919,0.00594355622533539,0.3620643864019609,0.3620644,0.2406427562236786,1e-04
3.60693120741008e-05,3.699642010063304e-08,0.33469772892367117,0.03606931132512557,0.03699642011921914,0.3346977281139062,0.33469778,3.3835015890145845e-05,5.944437359278247e-09,0.3618404707672045,0.03383501521192265,0.00594443744577897,0.3618404671934894,0.36184052,0.2210530787706375,1e-04
3.604483713301721e-05,3.699723806063213e-08,0.3346468929423438,0.036044836461719715,0.03699723809432888,0.3346468937400965,0.33464694,3.380109255342766e-05,5.945401527731035e-09,0.36158459693026324,0.03380109174279359,0.005945401584735505,0.36158459310661417,0.36158457,0.15361030399799347,1e-04
3.602245207442848e-05,3.699799257989182e-08,0.3345962062351909,0.03602245134784527,0.036997992588671764,0.3345962071621956,0.33459622,3.3769709158776307e-05,5.946197698455627e-09,0.3613413617171042,0.0337697084552605,0.005946197771129294,0.36134135725615246,0.36134136,3.3833019733428955,1e-04
3.6027468908680235e-05,3.699766317906298e-08,0.33456311881394707,0.036027468078902836,0.03699766316293984,0.334563117783338,0.3345631,3.377271249795507e-05,5.945344787697212e-09,0.3613286218606322,0.033772711881866244,0.005945344881470987,0.3613286192580483,0.36132863,0.2911361753940582,1e-04
3.603158459099076e-05,3.699738149806055e-08,0.33453014249598595,0.03603158388775427,0.03699738154183838,0.33453014296657774,0.33453014,3.377452490434935e-05,5.944535075272721e-09,0.36130727095895093,0.033774524235596445,0.005944535143512675,0.36130726645918154,0.3613073,0.29730862379074097,1e-04
3.603531331314001e-05,3.6997128601635635e-08,0.3345010987032312,0.03603531256451196,0.036997128611048924,0.3345010990105382,0.33450106,3.377625251119e-05,5.943815841012544e-09,0.36128944088993825,0.033776251794623666,0.00594381592161868,0.36128943838601635,0.36128944,0.31551414728164673,1e-04
3.604267545758214e-05,3.699677278864815e-08,0.33448258240579926,0.036042674608363606,0.036996772762637214,0.33448258145168047,0.33448255,3.378320865383187e-05,5.942994502576024e-09,0.36131355398720866,0.033783207895399896,0.005942994599160732,0.36131355375040386,0.36131352,0.18749302625656128,1e-04
3.6049285003295175e-05,3.699645347793431e-08,0.33446526510023333,0.036049284119505,0.036996453449655686,0.3344652651517986,0.33446527,3.378946594850722e-05,5.942242925088517e-09,0.36133385097493076,0.03378946511177209,0.005942242998083073,0.3613338464007815,0.36133388,0.1946147382259369,1e-04
3.60533438376665e-05,3.699622963500089e-08,0.3344461567603478,0.03605334296585344,0.03699622959410161,0.3344461555625725,0.33444616,3.379248723937902e-05,5.9416436855347106e-09,0.3613327244487221,0.03379248642568442,0.0059416437368144705,0.36133271958079194,0.3613327,0.18466028571128845,1e-04
3.605653389413404e-05,3.6996047426594917e-08,0.3344282095879312,0.03605653310726019,0.036996047389584015,0.3344282085199322,0.3344282,3.3794577532495747e-05,5.941131418206127e-09,0.36132737377863994,0.03379457666093996,0.005941131495052119,0.36132737021236605,0.3613274,0.20815961062908173,1e-04
3.605524935491727e-05,3.69960225876193e-08,0.3344020774966644,0.03605524856532397,0.036996022669783454,0.33440207945271105,0.3344021,3.3790520940706635e-05,5.940802673376619e-09,0.36127607573769555,0.033790520137637246,0.005940802722134135,0.3612760714148089,0.36127606,0.12344729900360107,1e-04
3.605109872016085e-05,3.699609916582214e-08,0.3343728619715779,0.03605109789891787,0.036996099213958245,0.334372864908786,0.3343729,3.378279810359256e-05,5.940636450131419e-09,0.3611998846837635,0.033782797426062314,0.005940636533619127,0.36119988003142506,0.36119992,0.20361371338367462,1e-04
3.604909225551146e-05,3.699611336097895e-08,0.33434955415267215,0.03604909142830885,0.03699611334415778,0.3343495526582999,0.33434954,3.377815910315656e-05,5.940408233653547e-09,0.36114812454144024,0.033778158271791786,0.005940408276729462,0.3611481180237921,0.36114815,0.26207470893859863,1e-04
3.6045766162869596e-05,3.6996174899452096e-08,0.33432515730133905,0.03604576538100068,0.03699617491494365,0.33432515827285325,0.3343252,3.3771886012690366e-05,5.940264605179767e-09,0.36108574002595595,0.03377188536264707,0.005940264700960558,0.36108573872438254,0.36108574,0.24479708075523376,1e-04
3.603887805863813e-05,3.69963593263295e-08,0.33429437275971247,0.03603887737293337,0.036996359408424384,0.33429437726396366,0.33429435,3.376090605850288e-05,5.940277842492309e-09,0.3609876123907599,0.03376090537254176,0.005940277911950133,0.36098761027708076,0.36098763,0.11444121599197388,1e-04
3.60316822522787e-05,3.6996552816631916e-08,0.33426526155539843,0.036031681482213335,0.03699655288100761,0.33426526235227505,0.3342653,3.3749772479111125e-05,5.940346721065478e-09,0.3608907807131418,0.03374977166986295,0.005940346787349572,0.3608907737775767,0.3608908,0.3597167432308197,1e-04
3.6028829881614764e-05,3.6996606983327415e-08,0.33424327129682635,0.03602882918925604,0.036996607025673305,0.33424327358872263,0.33424324,3.374419263527899e-05,5.940178111943649e-09,0.3608328272761087,0.033744191805877566,0.005940178164236063,0.36083282289874813,0.36083284,0.24128833413124084,1e-04
3.602842934231787e-05,3.6996580540009195e-08,0.33422568959887916,0.036028428531692296,0.036996580581506566,0.3342256909851064,0.3342257,3.374185829441729e-05,5.9398926281736396e-09,0.3607986211592403,0.03374185768237066,0.005939892732469107,0.3607986173532221,0.3607986,0.1439117193222046,1e-04
3.602912003754673e-05,3.699651957939075e-08,0.3342121128515866,0.03602911921014162,0.036996519606436955,0.33421211375325693,0.3342121,3.3741215231135656e-05,5.939596990594052e-09,0.36077915438059494,0.0337412145302184,0.005939597089820286,0.360779153366379,0.36077917,0.2173907458782196,1e-04
3.602674891434173e-05,3.6996565220956956e-08,0.33419257996223367,0.036026748198028764,0.03699656525866274,0.33419257944599307,0.3341926,3.373636510521925e-05,5.939420409171488e-09,0.3607274279438547,0.03373636440181892,0.005939420478792375,0.3607274254561082,0.36072743,0.4099492132663727,1e-04
3.6026539412327587e-05,3.6996544540261685e-08,0.33417762268165335,0.03602653864489487,0.036996544525173335,0.3341776234722115,0.3341776,3.373448201809386e-05,5.939159416411683e-09,0.36069847819313355,0.0337344812897474,0.005939159461244629,0.36069847303061636,0.36069846,0.2150367796421051,1e-04
